{"x_color": [1, 0.09999999999999998, 0.09999999999999998, 1], "o_color": [0.09999999999999998, 0.32499999999999996, 1, 1], "cell_size": 49.76863753213368}